{
    "title": "AfterMath Island",
    "type": "Assets",
    "assets": {
        "name": {
            "type": "string",
            "description": "Angus Bull"
        },
        "description": {
            "type": "string",
            "description": "Produces 2 cubes manure per day. Requires 5 corn or feed per 24 hours. 24 hour breeding cool down."
        },
        "image": {
            "type": "string",
            "description": "http://devadmin.playaftermath.com/assets/images/contract/Angus-Bull.png"
        }
    }
}