{
    "title": "AfterMath Island",
    "type": "Assets",
    "assets": {
        "name": {
            "type": "string",
            "description": "Bantam Rooster"
        },
        "description": {
            "type": "string",
            "description": "Produces 1 cube manure per day. Requires 1 corn or feed per day. 1 hour breeding cool down."
        },
        "image": {
            "type": "string",
            "description": "http://devadmin.playaftermath.com/assets/images/contract/Bantam-Rooster.png"
        }
    }
}