{
    "title": "AfterMath Island",
    "type": "Assets",
    "assets": {
        "name": {
            "type": "string",
            "description": "Basic Fresh Water Well"
        },
        "description": {
            "type": "string",
            "description": "Uses 50 squares of community or personal land space.Provides fresh water to 50,000 squares proximity."
        },
        "image": {
            "type": "string",
            "description": "http://devadmin.playaftermath.com/assets/images/contract/Basic-Fresh-Water-Well.png"
        }
    }
}