{
    "title": "AfterMath Island",
    "type": "Assets",
    "assets": {
        "name": {
            "type": "string",
            "description": "Basic Barn"
        },
        "description": {
            "type": "string",
            "description": "Uses 500 squares of space. Houses 2 large animals or 6 small animals.Increases animal production by 10%. "
        },
        "image": {
            "type": "string",
            "description": "http://devadmin.playaftermath.com/assets/images/contract/Basic-Barn.png"
        }
    }
}