{
    "title": "AfterMath Island",
    "type": "Assets",
    "assets": {
        "name": {
            "type": "string",
            "description": "Basic Hut"
        },
        "description": {
            "type": "string",
            "description": "Uses 250 squares of space. Stores 250 cubes. For avatar resting to restore health status, storage and personal property management."
        },
        "image": {
            "type": "string",
            "description": "http://devadmin.playaftermath.com/assets/images/contract/Basic-Hut.png"
        }
    }
}