{
    "title": "AfterMath Island",
    "type": "Assets",
    "assets": {
        "name": {
            "type": "string",
            "description": "Russian Boer Doe"
        },
        "description": {
            "type": "string",
            "description": "Produces 1 cube manure per day, ½ jar milk per day. Requires 2 corn or feed per 24 hours. 30 day breeding period. 15 day breeding cool down after kid birth. 500 lifetime births."
        },
        "image": {
            "type": "string",
            "description": "http://devadmin.playaftermath.com/assets/images/contract/Russian-Boer-Doe.png"
        }
    }
}