{
    "title": "AfterMath Island",
    "type": "Assets",
    "assets": {
        "name": {
            "type": "string",
            "description": "Russian Boer Buck"
        },
        "description": {
            "type": "string",
            "description": "Produces 1 cube manure per day. Requires 2 corn or feed per 24 hours. 24 hour breeding cool down."
        },
        "image": {
            "type": "string",
            "description": "http://devadmin.playaftermath.com/assets/images/contract/Russian-Boer-Buck.png"
        }
    }
}